{
  "forward": {
    "time(s)": 0.00824474481244882,
    "FLOPS(TFLOPs/s)": 33.339771357017526
  },
  "backward": {
    "time(s)": 0.026176318898797034,
    "FLOPS(TFLOPs/s)": 26.252536501287082
  },
  "forward_backward": {
    "time(s)": 0.034421063711245856,
    "FLOPS(TFLOPs/s)": 27.950114568646438
  },
  "peak_memory_usage(MB)": 2564.00048828125
}